First Name,Last Name,Date of Birth (YYYY-MM-DD),Email (patient),Phone (patient),Insurance Company (carrier),Member ID,Group Number
Megan,Andrews,27-11-1958,megan.andrews@yahoo.com,(021)306-8439x50918,Aetna,yGpD-57008455,GRP-31559
Dawn,Maldonado,14-04-1990,dawn.maldonado@gmail.com,-6683,Kaiser,CGJJ-06257568,GRP-22497
Jennifer,Ortiz,26-07-2004,jennifer.ortiz@gmail.com,001-285-970-1423x540,Kaiser,YKkT-50159998,GRP-60910
Stephen,Morrison,29-08-1970,stephen.morrison@hotmail.com,(676)931-2248,Humana,ETza-76054002,GRP-34561
Eric,Myers,23-10-1963,eric.myers@yahoo.com,+1-805-353-8170x118,Blue Cross,KdQb-73316682,GRP-85085
Joshua,Kennedy,15-01-1953,joshua.kennedy@yahoo.com,934.472.2648x977,Kaiser,UyzE-13850992,GRP-59596
Victor,Mcfarland,28-03-1965,victor.mcfarland@hotmail.com,+1-009-530-3772x23833,Kaiser,wVIX-55347157,GRP-22839
Heather,Dillon,18-03-1982,heather.dillon@hotmail.com,671.539.5072x73460,Cigna,szzg-72487146,GRP-71595
Steven,Adams,12-06-2007,steven.adams@yahoo.com,(145)018-2356,Aetna,uMCI-86798710,GRP-61816
Justin,Huber,18-06-1978,justin.huber@hotmail.com,(258)726-5281x9305,Aetna,lscR-40198602,GRP-81915
Jose,Wilson,22-10-1953,jose.wilson@gmail.com,001-174-340-5495x6620,Blue Cross,IUDP-03928559,GRP-19940
Matthew,Riley,17-09-1956,matthew.riley@yahoo.com,001-327-144-5932,Kaiser,VLEM-32870437,GRP-17955
Devin,Castro,05-03-1954,devin.castro@gmail.com,383-078-9454x1725,Kaiser,kGiQ-94395145,GRP-92996
Matthew,Brock,11-09-1980,matthew.brock@gmail.com,436-418-5759x869,Blue Cross,iepG-52251614,GRP-31553
Daniel,Yu,14-08-1951,daniel.yu@yahoo.com,(025)507-7245x800,Blue Cross,DauY-39908545,GRP-35286
Julie,Obrien,09-05-1989,julie.obrien@hotmail.com,-6134,UnitedHealth,PBSP-83070884,GRP-44538
Ashley,Martinez,20-10-1988,ashley.martinez@yahoo.com,001-457-813-0521x1876,Kaiser,UMyM-30018723,GRP-81099
Kenneth,James,23-08-1979,kenneth.james@yahoo.com,(883)454-7336,UnitedHealth,AWLX-53481874,GRP-65323
Jeffrey,Smith,04-04-1983,jeffrey.smith@gmail.com,916-650-4777x24226,Blue Cross,uhYB-02403775,GRP-39702
Dawn,Lopez,14-09-2005,dawn.lopez@hotmail.com,(744)555-3716,Aetna,yOHB-70446533,GRP-23744
Angela,Sellers,15-02-1990,angela.sellers@gmail.com,(024)332-8241,Cigna,ZrVd-99162581,GRP-35013
Teresa,Nolan,26-01-1955,teresa.nolan@gmail.com,+1-750-975-9542x4225,UnitedHealth,MZxB-66850074,GRP-40245
Anna,Hunter,16-06-1954,anna.hunter@hotmail.com,+1-610-184-4920x2518,Cigna,XWPR-31227814,GRP-71974
Kristi,Mercer,27-08-2000,kristi.mercer@hotmail.com,001-261-137-7101x2849,Kaiser,PBgB-09082911,GRP-72369
Christopher,Bell,24-04-1941,christopher.bell@hotmail.com,804.584.1220x33767,Aetna,swTO-81620302,GRP-93182
Kevin,Gonzalez,19-10-1954,kevin.gonzalez@hotmail.com,001-746-530-4944,UnitedHealth,jfTm-85800207,GRP-17453
Katie,Jones,02-10-1942,katie.jones@yahoo.com,(024)763-8260x43909,Blue Cross,KTSM-59243904,GRP-28338
Jeffrey,Nunez,09-04-1962,jeffrey.nunez@yahoo.com,416-467-1591,Aetna,gdUw-60888400,GRP-47638
Jorge,Hubbard,09-09-1952,jorge.hubbard@hotmail.com,352-287-0830,Humana,UyuJ-12280447,GRP-33797
Andrew,Daniel,13-03-1942,andrew.daniel@gmail.com,(011)379-4557x9337,UnitedHealth,OmAj-59483594,GRP-87615
David,Stewart,22-01-2003,david.stewart@hotmail.com,001-659-504-4528x585,Cigna,DyNt-73456465,GRP-97800
Brittany,Sloan,09-07-1983,brittany.sloan@hotmail.com,467-044-7355,Humana,mCqJ-76894482,GRP-36661
Karl,Mccarthy,28-11-2005,karl.mccarthy@yahoo.com,-9680,Kaiser,eQai-27988574,GRP-31886
Kevin,Leonard,16-03-1971,kevin.leonard@hotmail.com,001-995-545-6374,UnitedHealth,QMBZ-58078672,GRP-17252
Glenn,Rangel,21-07-1941,glenn.rangel@gmail.com,+1-060-327-8811x3697,Kaiser,cQqY-83905910,GRP-52734
Michael,Hernandez,27-01-2001,michael.hernandez@hotmail.com,001-951-109-4426x296,Blue Cross,nSdZ-86494438,GRP-00352
Justin,Rose,27-11-1941,justin.rose@hotmail.com,(962)347-1797,Aetna,huAp-84682207,GRP-44220
Steven,Harris,24-05-1965,steven.harris@gmail.com,6978051224,Cigna,RZVj-59401380,GRP-33442
Timothy,Jensen,12-05-1977,timothy.jensen@gmail.com,(002)244-6446,Kaiser,iQse-14455796,GRP-88412
Bryan,Ramirez,27-04-1977,bryan.ramirez@hotmail.com,068.337.5080,Humana,UZHX-84493419,GRP-87795
Elizabeth,Dawson,05-12-2004,elizabeth.dawson@yahoo.com,614.218.4182x9192,Kaiser,ppsV-99441025,GRP-36309
Nicole,Little,13-08-1993,nicole.little@gmail.com,001-297-997-4574x1273,Humana,kUsv-65106252,GRP-96720
Jennifer,Osborne,01-12-1975,jennifer.osborne@hotmail.com,-2838,UnitedHealth,VLEp-59023293,GRP-82285
Paul,Sweeney,31-07-1961,paul.sweeney@yahoo.com,001-437-796-7344x5826,Aetna,NuKz-24383332,GRP-43200
David,Johnson,23-11-1983,david.johnson@hotmail.com,-1224,Humana,aHfo-61132787,GRP-53736
Emily,Reyes,15-10-1993,emily.reyes@hotmail.com,(568)866-8999x7752,Humana,KxlC-05103354,GRP-98173
Ashley,Bartlett,16-07-1962,ashley.bartlett@hotmail.com,089.038.1512x6794,Cigna,jMZb-09877377,GRP-23616
Emily,Garza,10-12-1972,emily.garza@yahoo.com,118771694,Cigna,tsYz-47814706,GRP-21185
Adam,Mcgrath,07-06-2002,adam.mcgrath@gmail.com,071-729-5806x2859,Kaiser,PMHY-52647779,GRP-94164
Barbara,Flores,25-04-1944,barbara.flores@gmail.com,(820)724-1286,UnitedHealth,vUcn-04700407,GRP-28935
Megan,Andrew,27-11-1958,yathis2003@gmail.com,07010619958,s,MBR-CCAB72,GRP-72446
Megan,Andrews,27-11-1950,yathiskumar2212@gmail.com,7010619958,s,MBR-69568A,GRP-61081
Megan,Andrew,27-11-1954,yathis2003@gmail.com,9999999999,nd,MBR-B5C9C6,GRP-54612
Megan,Andrew,27-11-195,yathiskumr2212@gmail.com,7010619957,q,MBR-D3C69F,GRP-54459
Megan,Andrews,ad,qqq@gmail.com,7010619958,q,MBR-E3A107,GRP-99168
Megan,Andrews,27-11-1951,yathiskumar@gmail.com,7010619957,1,MBR-3BEBF6,GRP-92585
Megan,Andrew,1958-11-11,yathiskumar2212@gmail.com,7010619957,no,MBR-51B7B8,GRP-78879
Megan,Laa,1958-11-11,yathisladhak2003@gmail.com,7010619954,NA,MBR-B65D58,GRP-74965
